{
    "name": "DAMM result",
    "K": 3,
    "M": 3,
    "Priors": [
        0.3193343898573692,
        0.38510301109350237,
        0.29556259904912835
    ],
    "Mu": [
        0.6027193969591623,
        -0.31414088300877036,
        0.0765665242933037,
        0.5982654967905011,
        0.024330631437610016,
        0.3519055979078499,
        0.5812589734311103,
        0.36928183916243174,
        0.20312761199524432
    ],
    "Sigma": [
        0.005867119150744225,
        0.0,
        0.0,
        0.0,
        0.005867119150744225,
        0.0,
        0.0,
        0.0,
        0.005867119150744225,
        0.019748058928173804,
        0.0001643066961451552,
        -0.00025199830621200255,
        0.0001643066961451552,
        0.026496583511369753,
        0.00017288764420805372,
        -0.00025199830621200255,
        0.00017288764420805364,
        0.019394131657704945,
        0.006152513327417599,
        -0.0003101809643378094,
        -9.877079235293857e-05,
        -0.0003101809643378094,
        0.005765550270513387,
        -0.0005366152394579144,
        -9.87707923529385e-05,
        -0.0005366152394579144,
        0.008306529086872008
    ],
    "Prior": [
        0.29556259904912835,
        0.38510301109350237,
        0.3193343898573692
    ],
    "A": [
        -2.2639806188005567,
        0.06854076750965697,
        0.05596290452796497,
        0.06854076750965697,
        -4.083597189388339,
        -0.4414619545606312,
        0.05596290452796497,
        -0.4414619545606312,
        -2.221668107809833,
        -0.8095482948446262,
        -0.3077195589019966,
        0.07489035752114051,
        0.31903777414651513,
        -0.6168314158337522,
        0.38412751028040887,
        -0.40029877218085536,
        -0.7927887175302986,
        -0.5568518489456242,
        -0.01626072737708699,
        0.057206061144337315,
        0.0983456102098215,
        -0.0030658064149710375,
        -0.00694087669762451,
        0.4396881055561956,
        0.029616464950093107,
        -0.44566514860992423,
        -0.4117112581934778
    ],
    "b": [
        1.3817916054489314,
        0.6188027538245223,
        0.006569930881074993,
        -1.2903344694891021,
        0.05239765785851778,
        -0.002536584361577249,
        -0.002305771322832363,
        0.11816849482899491,
        0.11037250291600087
    ],
    "attractor": [
        0.6027193969591623,
        -0.31414088300877036,
        0.0765665242933037
    ],
    "att_all": [
        0.6027193969591623,
        -0.31414088300877036,
        0.0765665242933037
    ],
    "dt": 0.010004758834838867,
    "gripper_open": 0
}