{
    "name": "DAMM result",
    "K": 3,
    "M": 10,
    "Priors": [
        0.30470588235294116,
        0.4576470588235294,
        0.2376470588235294
    ],
    "Mu": [
        51.26334045317746,
        -1.8405461094151592,
        -0.0013502003646610327,
        14.058547651100342,
        0.02318403493023287,
        0.029354423111930317,
        0.9364037375364985,
        -7.035364564436283,
        -1.082670726025887,
        0.936402560977632,
        73.18424704296228,
        -0.9936383089223029,
        0.3566206814745168,
        6.698753803508754,
        0.5182162602372219,
        0.3678847046851499,
        8.360736897564792,
        -6.289279015117102,
        -0.924335588679522,
        8.360735722518212,
        93.39870708067936,
        -2.3502185615701694,
        0.4462515289830689,
        10.828738836663785,
        1.6800056202429356,
        1.9387635688232903,
        4.30750940917152,
        -0.29532539688216725,
        0.021278498565206434,
        4.30750852764243
    ],
    "Sigma": [
        28.514077687580574,
        -5.593423150392742,
        -1.1845646325050492,
        -6.523472121684936,
        0.011746004766563664,
        0.08253088820255863,
        6.249340254606453,
        5.436820107443239,
        -1.3612511862475105,
        6.249341029314495,
        -5.593423150392742,
        92.288984508275,
        32.87053553773898,
        -7.6906153078958575,
        -0.07723002080059149,
        0.04640161552302146,
        -0.6489866027538654,
        -57.073604240846464,
        1.1934982096339712,
        -0.649002147649376,
        -1.1845646325050492,
        32.87053553773898,
        208.89409721029176,
        -1.53872567028267,
        0.30555106541100313,
        0.3181979140386755,
        -0.24327527144772126,
        -48.64720211845482,
        38.73323179148658,
        -0.243286297538962,
        -6.523472121684936,
        -7.6906153078958575,
        -1.53872567028267,
        5.224597662037346,
        0.028462026724909235,
        -0.015238594829073145,
        -2.062724008011264,
        2.8786787915958945,
        3.9836342391824338,
        -2.062723372217768,
        0.011746004766563664,
        -0.07723002080059149,
        0.30555106541100313,
        0.028462026724909235,
        0.0066903529476604485,
        -0.00035932968588348876,
        0.010197829316274689,
        0.11856031356308941,
        -0.19637152273734612,
        0.010197854162302683,
        0.08253088820255863,
        0.04640161552302146,
        0.3181979140386755,
        -0.015238594829073145,
        -0.00035932968588348876,
        0.006644765722207955,
        0.017250179398429533,
        -0.006215601999676126,
        0.041507724245541916,
        0.01725016057854651,
        6.249340254606453,
        -0.6489866027538654,
        -0.24327527144772126,
        -2.062724008011264,
        0.010197829316274689,
        0.017250179398429533,
        2.0932092901163135,
        0.543565114677218,
        -0.11257272703246186,
        2.0932093945828028,
        5.436820107443239,
        -57.073604240846464,
        -48.64720211845482,
        2.8786787915958945,
        0.11856031356308941,
        -0.006215601999676126,
        0.543565114677218,
        103.34917759135571,
        -72.11686056142494,
        0.5435881887199179,
        -1.3612511862475105,
        1.1934982096339712,
        38.73323179148658,
        3.9836342391824338,
        -0.19637152273734612,
        0.041507724245541916,
        -0.11257272703246186,
        -72.11686056142494,
        115.23403314016034,
        -0.11258442515647699,
        6.249341029314495,
        -0.649002147649376,
        -0.243286297538962,
        -2.062723372217768,
        0.010197854162302683,
        0.01725016057854651,
        2.0932093945828028,
        0.5435881887199179,
        -0.11258442515647699,
        2.093209499056009,
        62.11613753972159,
        -10.555254639773075,
        -0.19757764469225111,
        3.5344738306624235,
        3.3870032465899054,
        4.064482515720904,
        -3.972020135300519,
        21.355312181434332,
        -3.2679480510315146,
        -3.9720183475298723,
        -10.555254639773075,
        82.34691400679112,
        27.3784130244646,
        -6.142920086197413,
        -0.48186067095767243,
        -0.1892145163480278,
        0.16919122037062642,
        -42.91998265505906,
        -1.2718480688481446,
        0.16917999121405583,
        -0.19757764469225111,
        27.3784130244646,
        198.62820530288525,
        0.10795790993765,
        -4.35601078594245,
        -15.402765807354092,
        -0.6417435402870668,
        -46.00383652390452,
        37.19068536016984,
        -0.6417525397268513,
        3.5344738306624235,
        -6.142920086197413,
        0.10795790993765,
        4.878288684735375,
        0.2672202879036517,
        -0.9312461804438169,
        -2.0684913104463876,
        2.922741355713085,
        5.251169843954286,
        -2.0684911809685715,
        3.3870032465899054,
        -0.48186067095767243,
        -4.35601078594245,
        0.2672202879036517,
        13.444414151807319,
        -1.2286085602328518,
        -0.7218464690447344,
        0.7920876090468992,
        -1.3162841404409327,
        -0.7218472991743206,
        4.064482515720904,
        -0.1892145163480278,
        -15.402765807354092,
        -0.9312461804438169,
        -1.2286085602328518,
        15.4998834909768,
        -0.5660644846135705,
        7.518357271563106,
        -8.899146861558735,
        -0.5660631665216634,
        -3.972020135300519,
        0.16919122037062642,
        -0.6417435402870668,
        -2.0684913104463876,
        -0.7218464690447344,
        -0.5660644846135705,
        2.114621582536717,
        -1.510267508749019,
        -0.8454615657746961,
        2.114621569618616,
        21.355312181434332,
        -42.91998265505906,
        -46.00383652390452,
        2.922741355713085,
        0.7920876090468992,
        7.518357271563106,
        -1.510267508749019,
        79.68751184388817,
        -59.933360786554026,
        -1.5102512811651243,
        -3.2679480510315146,
        -1.2718480688481446,
        37.19068536016984,
        5.251169843954286,
        -1.3162841404409327,
        -8.899146861558735,
        -0.8454615657746961,
        -59.933360786554026,
        98.8572862890124,
        -0.8454706423844016,
        -3.9720183475298723,
        0.16917999121405583,
        -0.6417525397268513,
        -2.0684911809685715,
        -0.7218472991743206,
        -0.5660631665216634,
        2.114621569618616,
        -1.5102512811651243,
        -0.8454706423844016,
        2.114621556705447,
        16.537682420817404,
        -2.4476132915852107,
        4.175221925303114,
        0.8553484837843381,
        -0.1536601961210053,
        1.137488735475586,
        -1.0528069425063784,
        1.7795843305225751,
        -0.37460679478463815,
        -1.0528071122752767,
        -2.4476132915852107,
        52.62516685034193,
        -38.60631208592062,
        -2.087872385567341,
        -4.8176206807189725,
        7.022326069940591,
        0.04609511874378341,
        -1.954660961435134,
        0.7583079635586879,
        0.04609342384293892,
        4.175221925303114,
        -38.60631208592062,
        197.7372415382655,
        1.1256951618327873,
        -73.4710533073097,
        -45.77772006378816,
        0.13428332789419342,
        0.020553486812928904,
        -1.8676859331220084,
        0.1342927177825204,
        0.8553484837843381,
        -2.087872385567341,
        1.1256951618327873,
        3.111430711630134,
        -3.3044551365728694,
        -7.61044307399977,
        -0.23468346453706634,
        0.25256990038730764,
        0.3042931731281739,
        -0.23468302825531287,
        -0.1536601961210053,
        -4.8176206807189725,
        -73.4710533073097,
        -3.3044551365728694,
