{
    "name": "DAMM result",
    "K": 4,
    "M": 2,
    "Priors": [
        0.2974683544303797,
        0.2721518987341772,
        0.22025316455696203,
        0.21012658227848102
    ],
    "Mu": [
        -3.8488054886833285,
        1.3006353306207503,
        -4.024075089552255,
        0.21867091747502548,
        -3.630445117384648,
        -0.09816177932330852,
        -2.290801164999943,
        -0.11379692809821952
    ],
    "Sigma": [
        0.018593536101734958,
        -0.029410581244781235,
        -0.029410581244781235,
        0.1151101572093326,
        0.015234587939511003,
        0.032096179095405644,
        0.032096179095405644,
        0.07424505917354464,
        0.1707884392176146,
        0.018504847761557072,
        0.018504847761557072,
        0.003441499988839856,
        0.15474325559433275,
        -0.017154257363840453,
        -0.017154257363840453,
        0.002530342146775434
    ]
}